project_id|ward|zone|project_name|project_description|sector|project_type|beneficiaries|cdf_application_form_yes_no|wdec_recommendation_yes_no|wdc_minutes_yes_no|zonal_minutes_yes_no|council|province|district|constituency|financial_year|source_url|source_document|retrieval_date
1|Kankumba|Mwambashi|Waterborne sanitation System in Mwalubemba Community|Construction of waterborne sanitation system at Mwalubemba Community.|Water|Water|120|Yes|Yes|Yes|No|Rufunsa Town Council|Lusaka Province|Rufunsa|Rufunsa|2025|https://www.rufunsacouncil.gov.zm/wp-content/uploads/2025/01/2025-Community-Project-Applications-_-Received.xlsx|2025 CDF Projects Received from WDCs|2026-09-14
2|Kankumba|Kankumba|Construction of a community Library and Resource Centre|Construction and set up of a community library and resource centre in Chuulu Village on a land already owned by Shine Zambia|Education|Library|2438|Yes|Yes|Yes|Yes|Rufunsa Town Council|Lusaka Province|Rufunsa|Rufunsa|2025|https://www.rufunsacouncil.gov.zm/wp-content/uploads/2025/01/2025-Community-Project-Applications-_-Received.xlsx|2025 CDF Projects Received from WDCs|2026-09-14
3|Kankumba|Kanyongoloka|Construction of a 1X3 Classroom Block at Katope Primary School|Construction of a 1X3 Classroom Block at Katope Primary School|Education|Classroom Block |4800|Yes|Yes|Yes|Yes|Rufunsa Town Council|Lusaka Province|Rufunsa|Rufunsa|2025|https://www.rufunsacouncil.gov.zm/wp-content/uploads/2025/01/2025-Community-Project-Applications-_-Received.xlsx|2025 CDF Projects Received from WDCs|2026-09-14
4|Kankumba|Kanyongoloka|Construction of a 1X3 Classroom Block at Mukonka Primary School|Construction of a 1X3 Classroom Block at Mukonka Primary School|Education|Classroom Block |517|Yes|Yes|Yes|Yes|Rufunsa Town Council|Lusaka Province|Rufunsa|Rufunsa|2025|https://www.rufunsacouncil.gov.zm/wp-content/uploads/2025/01/2025-Community-Project-Applications-_-Received.xlsx|2025 CDF Projects Received from WDCs|2026-09-14
5|Kankumba|Chilimba|Construction of a bridge (Crossing Point) in Mukotoka Village |Construction of a bridge (Crossing Point) in Mukotoka Village |Road |Bridge|150|Yes|No|Yes|Yes|Rufunsa Town Council|Lusaka Province|Rufunsa|Rufunsa|2025|https://www.rufunsacouncil.gov.zm/wp-content/uploads/2025/01/2025-Community-Project-Applications-_-Received.xlsx|2025 CDF Projects Received from WDCs|2026-09-14
6|Kankumba|Kankumba|Construction of 1X3 Classroom Block, Staff House and a Borehole|Construction of 1X3 CRB, Staff House and a Borehole in Chandalala Village|Education|Classroom Block |1000|Yes|Yes|Yes|Yes|Rufunsa Town Council|Lusaka Province|Rufunsa|Rufunsa|2025|https://www.rufunsacouncil.gov.zm/wp-content/uploads/2025/01/2025-Community-Project-Applications-_-Received.xlsx|2025 CDF Projects Received from WDCs|2026-09-14
7|Kankumba|Kanyongoloka|Construction of 1X3 Classroom Block at Chipokolo |Construction of 1X3 Classroom Block at Chipokolo |Education|Classroom Block |1000|Yes|Yes|Yes|Yes|Rufunsa Town Council|Lusaka Province|Rufunsa|Rufunsa|2025|https://www.rufunsacouncil.gov.zm/wp-content/uploads/2025/01/2025-Community-Project-Applications-_-Received.xlsx|2025 CDF Projects Received from WDCs|2026-09-14
8|Kankumba|Mwambashi|Construction of Staff House at Mwambashi Primary School|Construction of Staff House at Mwambashi Primary School with Community contributing 25% |Education|Staff House|1200|Yes|Yes|Yes|Yes|Rufunsa Town Council|Lusaka Province|Rufunsa|Rufunsa|2025|https://www.rufunsacouncil.gov.zm/wp-content/uploads/2025/01/2025-Community-Project-Applications-_-Received.xlsx|2025 CDF Projects Received from WDCs|2026-09-14
9|Kankumba|Mwambashi|Construction of 2X2 VIP Toilets at Mwambashi Health Post |Construction of 2X2 VIP Toilets at Mwambashi Health Post |Health |VIP Toilets |4628|Yes|Yes|Yes|Yes|Rufunsa Town Council|Lusaka Province|Rufunsa|Rufunsa|2025|https://www.rufunsacouncil.gov.zm/wp-content/uploads/2025/01/2025-Community-Project-Applications-_-Received.xlsx|2025 CDF Projects Received from WDCs|2026-09-14
10|Kankumba|Mwambashi|Construction of 1X3 Classroom Block at Chinyika Community School|Construction of 1X3 Classroom Block at Chinyika Community School|Education|Classroom Block |2743|Yes|Yes|Yes|Yes|Rufunsa Town Council|Lusaka Province|Rufunsa|Rufunsa|2025|https://www.rufunsacouncil.gov.zm/wp-content/uploads/2025/01/2025-Community-Project-Applications-_-Received.xlsx|2025 CDF Projects Received from WDCs|2026-09-14
11|Kankumba|Kankumba|Procurement of Laboratory Assoceries at Kankumba Combined School |Procurement of Laboratory Assoceries at Kankumba Combined School to stock the newly constructed Laboratory |Education|Equipment and Chemicals |2000|Yes|Yes|Yes|Yes|Rufunsa Town Council|Lusaka Province|Rufunsa|Rufunsa|2025|https://www.rufunsacouncil.gov.zm/wp-content/uploads/2025/01/2025-Community-Project-Applications-_-Received.xlsx|2025 CDF Projects Received from WDCs|2026-09-14
12|Kankumba|Kanyongoloka|Rehabilitation of Mukonka Health Post |Rehabilitation of Mukonka Health Post |Health |Health Post |4200|Yes|Yes|Yes|Yes|Rufunsa Town Council|Lusaka Province|Rufunsa|Rufunsa|2025|https://www.rufunsacouncil.gov.zm/wp-content/uploads/2025/01/2025-Community-Project-Applications-_-Received.xlsx|2025 CDF Projects Received from WDCs|2026-09-14
13|Mankhanda|Lukwipa|Construction of a Health facility at Lukwipa |Construction of a Health facility|Health |Health facility|4969|Yes|Yes|Yes|Yes|Rufunsa Town Council|Lusaka Province|Rufunsa|Rufunsa|2025|https://www.rufunsacouncil.gov.zm/wp-content/uploads/2025/01/2025-Community-Project-Applications-_-Received.xlsx|2025 CDF Projects Received from WDCs|2026-09-14
14|Mankhanda|Lukwipa|Drilling of a Borehole in Saffalau Village|Drilling of a Borehole|Water|Water sector|200|Yes|Yes|Yes|Yes|Rufunsa Town Council|Lusaka Province|Rufunsa|Rufunsa|2025|https://www.rufunsacouncil.gov.zm/wp-content/uploads/2025/01/2025-Community-Project-Applications-_-Received.xlsx|2025 CDF Projects Received from WDCs|2026-09-14
15|Mankhanda|Lukwipa|Rehabilitation of an incomplete Borehole (fitting of hand pump and other accessories) at Lukwipa  |Rehabilitation of an incomplete Borehole|Water|Water sector|250|Yes|Yes|Yes|Yes|Rufunsa Town Council|Lusaka Province|Rufunsa|Rufunsa|2025|https://www.rufunsacouncil.gov.zm/wp-content/uploads/2025/01/2025-Community-Project-Applications-_-Received.xlsx|2025 CDF Projects Received from WDCs|2026-09-14
16|Mankhanda|Lukwipa|Completion of the Girl's dormitory at Lukwipa secondary School|Completion of the Girl's dorminitory |Education|Dorminitory|500|Yes|Yes|Yes|Yes|Rufunsa Town Council|Lusaka Province|Rufunsa|Rufunsa|2025|https://www.rufunsacouncil.gov.zm/wp-content/uploads/2025/01/2025-Community-Project-Applications-_-Received.xlsx|2025 CDF Projects Received from WDCs|2026-09-14
17|Mankhanda|Lukwipa|200 Bunker beds for Lukwipa secondary school|200 bunker beds|Education|Bunker beds|450|yes|yes|yes|yes|Rufunsa Town Council|Lusaka Province|Rufunsa|Rufunsa|2025|https://www.rufunsacouncil.gov.zm/wp-content/uploads/2025/01/2025-Community-Project-Applications-_-Received.xlsx|2025 CDF Projects Received from WDCs|2026-09-14
18|Mankhanda|Kampishi|Construction of a staff house 1x2 semi detached block at Kampishi primary school|Construction of a staff house 1x2 semi detached block|Education|Staff House||Yes|Yes|Yes|yes|Rufunsa Town Council|Lusaka Province|Rufunsa|Rufunsa|2025|https://www.rufunsacouncil.gov.zm/wp-content/uploads/2025/01/2025-Community-Project-Applications-_-Received.xlsx|2025 CDF Projects Received from WDCs|2026-09-14
19|Mankhanda|Menyani Village|Borehole in Menyani Village|Borehole|Water|Water sector|800|Yes|Yes|Yes|Yes|Rufunsa Town Council|Lusaka Province|Rufunsa|Rufunsa|2025|https://www.rufunsacouncil.gov.zm/wp-content/uploads/2025/01/2025-Community-Project-Applications-_-Received.xlsx|2025 CDF Projects Received from WDCs|2026-09-14
20|Mankhanda|Christian Family Church|Construction of 1x3 classroom block at Mankhanda Primary School|Construction of a 1x3 classroom block|Education|Classroom Block |1500|Yes|Yes|Yes|Yes|Rufunsa Town Council|Lusaka Province|Rufunsa|Rufunsa|2025|https://www.rufunsacouncil.gov.zm/wp-content/uploads/2025/01/2025-Community-Project-Applications-_-Received.xlsx|2025 CDF Projects Received from WDCs|2026-09-14
21|Mankhanda|Christian Family Church|Drilling of a Borehole in Mwanachoko Village|Drilling of a Borehole|Water|Water sector|600|Yes|Yes|Yes|Yes|Rufunsa Town Council|Lusaka Province|Rufunsa|Rufunsa|2025|https://www.rufunsacouncil.gov.zm/wp-content/uploads/2025/01/2025-Community-Project-Applications-_-Received.xlsx|2025 CDF Projects Received from WDCs|2026-09-14
22|Mankhanda|Christian Family Church|Drilling of a Borehole in Njelemu Village|Drilling of a Borehole|Water|Water sector|600|Yes|Yes|Yes|Yes|Rufunsa Town Council|Lusaka Province|Rufunsa|Rufunsa|2025|https://www.rufunsacouncil.gov.zm/wp-content/uploads/2025/01/2025-Community-Project-Applications-_-Received.xlsx|2025 CDF Projects Received from WDCs|2026-09-14
23|Mankhanda|Kabasenya|Construction of staff houses and VIP toilet at Shimunguwo|Construction of teachers houses|Education|Staff Houses|205|Yes|Yes|Yes|Yes|Rufunsa Town Council|Lusaka Province|Rufunsa|Rufunsa|2025|https://www.rufunsacouncil.gov.zm/wp-content/uploads/2025/01/2025-Community-Project-Applications-_-Received.xlsx|2025 CDF Projects Received from WDCs|2026-09-14
24|Mankhanda|Luangwa Bridge|Construction of a maternity wing at Luangwa Bridge|Construction of a maternity wing|Health |Materninty wing|6000|Yes|Yes|Yes|Yes|Rufunsa Town Council|Lusaka Province|Rufunsa|Rufunsa|2025|https://www.rufunsacouncil.gov.zm/wp-content/uploads/2025/01/2025-Community-Project-Applications-_-Received.xlsx|2025 CDF Projects Received from WDCs|2026-09-14
25|Nyangwena|Nyangwena|Renovation of 1x2 classroom block at Nyangwena Combined School|Renovation of 1x2 classroom block|Education|Classroom Block |nill|Yes|Yes|Yes|Yes|Rufunsa Town Council|Lusaka Province|Rufunsa|Rufunsa|2025|https://www.rufunsacouncil.gov.zm/wp-content/uploads/2025/01/2025-Community-Project-Applications-_-Received.xlsx|2025 CDF Projects Received from WDCs|2026-09-14
26|Nyangwena|Nyangwena|||||1200|Yes|Yes|Yes|Yes|Rufunsa Town Council|Lusaka Province|Rufunsa|Rufunsa|2025|https://www.rufunsacouncil.gov.zm/wp-content/uploads/2025/01/2025-Community-Project-Applications-_-Received.xlsx|2025 CDF Projects Received from WDCs|2026-09-14
27|Nyangwena|Nyangwena|Bridge on Kasampi stream|Construction of Bridge |Road |Bridge|nill|Yes|Yes|Yes|Yes|Rufunsa Town Council|Lusaka Province|Rufunsa|Rufunsa|2025|https://www.rufunsacouncil.gov.zm/wp-content/uploads/2025/01/2025-Community-Project-Applications-_-Received.xlsx|2025 CDF Projects Received from WDCs|2026-09-14
28|Nyangwena|Nyangwena|Drilling of 25 Boreholes in Nyangwena|Drilling of a Borehole|Water|Water sector|2500|Yes|Yes|Yes|No|Rufunsa Town Council|Lusaka Province|Rufunsa|Rufunsa|2025|https://www.rufunsacouncil.gov.zm/wp-content/uploads/2025/01/2025-Community-Project-Applications-_-Received.xlsx|2025 CDF Projects Received from WDCs|2026-09-14
29|Nyangwena|Itobe |Construction of Ablution Block with water machanised system at Itope Primary School|Construction of Abulution Block with water mechanised system|Education|Abulution block|600|Yes|Yes|Yes|No|Rufunsa Town Council|Lusaka Province|Rufunsa|Rufunsa|2025|https://www.rufunsacouncil.gov.zm/wp-content/uploads/2025/01/2025-Community-Project-Applications-_-Received.xlsx|2025 CDF Projects Received from WDCs|2026-09-14
30|Kabuyu|Kalombe|Construction of a semi detached teachers house at Kalombe|Construction of a semi detached staff house|Education|Staff House|800|Yes|Yes|Yes|Yes|Rufunsa Town Council|Lusaka Province|Rufunsa|Rufunsa|2025|https://www.rufunsacouncil.gov.zm/wp-content/uploads/2025/01/2025-Community-Project-Applications-_-Received.xlsx|2025 CDF Projects Received from WDCs|2026-09-14
31|Kabuyu|Kabuyu|construction of a staff  house at Kabuyu Community|Construction of a staff house 1x2 semi detached block|Education|Staff House|800|Yes|Yes|Yes|Yes|Rufunsa Town Council|Lusaka Province|Rufunsa|Rufunsa|2025|https://www.rufunsacouncil.gov.zm/wp-content/uploads/2025/01/2025-Community-Project-Applications-_-Received.xlsx|2025 CDF Projects Received from WDCs|2026-09-14
32|Kabuyu|Nshingaluano|Construction of a 1x2 Classroom at Kabushi Community School|Construction of a 1x2 Classroom |Education|Classroom Block |500|Yes|Yes|Yes|Yes|Rufunsa Town Council|Lusaka Province|Rufunsa|Rufunsa|2025|https://www.rufunsacouncil.gov.zm/wp-content/uploads/2025/01/2025-Community-Project-Applications-_-Received.xlsx|2025 CDF Projects Received from WDCs|2026-09-14
33|Kabuyu|Munyeta|Construction of a 1x3 Classroom Block at Munyeta |Construction of a 1x3 Classromm Block |Education|Classroom Block |800|Yes|Yes|Yes|Yes|Rufunsa Town Council|Lusaka Province|Rufunsa|Rufunsa|2025|https://www.rufunsacouncil.gov.zm/wp-content/uploads/2025/01/2025-Community-Project-Applications-_-Received.xlsx|2025 CDF Projects Received from WDCs|2026-09-14
34|Mulamba|Nyamphande|Construction of a Police Post at Nyamphande|Construction of a Police Post|Police|Police Post|nill|Yes|Yes|Yes|No|Rufunsa Town Council|Lusaka Province|Rufunsa|Rufunsa|2025|https://www.rufunsacouncil.gov.zm/wp-content/uploads/2025/01/2025-Community-Project-Applications-_-Received.xlsx|2025 CDF Projects Received from WDCs|2026-09-14
35|Mulamba|Nyamphande|Drilling of water Boreholes at Chipungu Village|Drilling of water boreholes |Water|Water sector|705|Yes|Yes|Yes|No|Rufunsa Town Council|Lusaka Province|Rufunsa|Rufunsa|2025|https://www.rufunsacouncil.gov.zm/wp-content/uploads/2025/01/2025-Community-Project-Applications-_-Received.xlsx|2025 CDF Projects Received from WDCs|2026-09-14
36|Mulamba|Nyamphande|Borehole at Nyereti Village|Drilling of Borehole|Water|Water sector|98|Yes|Yes|Yes|No|Rufunsa Town Council|Lusaka Province|Rufunsa|Rufunsa|2025|https://www.rufunsacouncil.gov.zm/wp-content/uploads/2025/01/2025-Community-Project-Applications-_-Received.xlsx|2025 CDF Projects Received from WDCs|2026-09-14
37|Mulamba|Nyamphande|Community layby paying station at Nyamphande community market|Community Layby paying station|Construction|Layby|Nill|Yes|Yes|Yes|Yes|Rufunsa Town Council|Lusaka Province|Rufunsa|Rufunsa|2025|https://www.rufunsacouncil.gov.zm/wp-content/uploads/2025/01/2025-Community-Project-Applications-_-Received.xlsx|2025 CDF Projects Received from WDCs|2026-09-14
38|Mulamba|Nyamphande|Borehole drilling at Nyamphande A|Borehole drilling |Water|Water sector|12 households|Yes|Yes|Yes|Yes|Rufunsa Town Council|Lusaka Province|Rufunsa|Rufunsa|2025|https://www.rufunsacouncil.gov.zm/wp-content/uploads/2025/01/2025-Community-Project-Applications-_-Received.xlsx|2025 CDF Projects Received from WDCs|2026-09-14
39|Mulamba|Ntiba Ntiba|Drilling of Borehole in Ntiba Ntiba |Borehole drilling |Water|Water sector|12 households|Yes|Yes|Yes|Yes|Rufunsa Town Council|Lusaka Province|Rufunsa|Rufunsa|2025|https://www.rufunsacouncil.gov.zm/wp-content/uploads/2025/01/2025-Community-Project-Applications-_-Received.xlsx|2025 CDF Projects Received from WDCs|2026-09-14
39|Rufunsa|Rufunsa|Construction of Incinerator at Rufunsa Rural Health Centre|Construction of Incinerator|Health |Incinerator|4005|Yes|Yes|Yes|Yes|Rufunsa Town Council|Lusaka Province|Rufunsa|Rufunsa|2025|https://www.rufunsacouncil.gov.zm/wp-content/uploads/2025/01/2025-Community-Project-Applications-_-Received.xlsx|2025 CDF Projects Received from WDCs|2026-09-14
40|Rufunsa|Chimusanya|Construction of a Science laboratory at Chimusanya Secondary School|Construction of a Science Laboratory|Education|Science Laboratory|1500|Yes|Yes|Yes|Yes|Rufunsa Town Council|Lusaka Province|Rufunsa|Rufunsa|2025|https://www.rufunsacouncil.gov.zm/wp-content/uploads/2025/01/2025-Community-Project-Applications-_-Received.xlsx|2025 CDF Projects Received from WDCs|2026-09-14
41|Rufunsa|Rufunsa|Construction of a maternity annex at Rufunsa Rural Health Centre|Construction of a Maternity annex|Health |Maternity annex|4050|Yes|Yes|Yes|Yes|Rufunsa Town Council|Lusaka Province|Rufunsa|Rufunsa|2025|https://www.rufunsacouncil.gov.zm/wp-content/uploads/2025/01/2025-Community-Project-Applications-_-Received.xlsx|2025 CDF Projects Received from WDCs|2026-09-14
42|Rufunsa|Rufunsa|Construction of recreational hall at Rufunsa Rural Health Centre|Construction of a recreational hall |Health |Recreational Hall|2000|Yes|Yes|Yes|Yes|Rufunsa Town Council|Lusaka Province|Rufunsa|Rufunsa|2025|https://www.rufunsacouncil.gov.zm/wp-content/uploads/2025/01/2025-Community-Project-Applications-_-Received.xlsx|2025 CDF Projects Received from WDCs|2026-09-14
43|Rufunsa|Chaola|Construction of 1x3 Classroom block at Chaola Primary School|Construction of a 1x3 Classroom Block|Education|Classroom Block |7000|Yes|Yes|Yes|Yes|Rufunsa Town Council|Lusaka Province|Rufunsa|Rufunsa|2025|https://www.rufunsacouncil.gov.zm/wp-content/uploads/2025/01/2025-Community-Project-Applications-_-Received.xlsx|2025 CDF Projects Received from WDCs|2026-09-14
44|Rufunsa|Chimusanya|Electrification of the Clinic and a Ward Block at Chimusanya Rural Health Post |Electrification of the clinic and a ward block|Health |Electrification|5000|Yes|Yes|Yes|Yes|Rufunsa Town Council|Lusaka Province|Rufunsa|Rufunsa|2025|https://www.rufunsacouncil.gov.zm/wp-content/uploads/2025/01/2025-Community-Project-Applications-_-Received.xlsx|2025 CDF Projects Received from WDCs|2026-09-14
45|Rufunsa|Mwanduba|Construction of a health Post at Mwanduba|Construction of a Health post|Health |Health Post |7000|Yes|Yes|Yes|Yes|Rufunsa Town Council|Lusaka Province|Rufunsa|Rufunsa|2025|https://www.rufunsacouncil.gov.zm/wp-content/uploads/2025/01/2025-Community-Project-Applications-_-Received.xlsx|2025 CDF Projects Received from WDCs|2026-09-14
46|Rufunsa|Rufunsa|Drilling of water borehole at Sambani Village|Drilling of a water Borehole|Water|Water sector|60|Yes|Yes|Yes|Yes|Rufunsa Town Council|Lusaka Province|Rufunsa|Rufunsa|2025|https://www.rufunsacouncil.gov.zm/wp-content/uploads/2025/01/2025-Community-Project-Applications-_-Received.xlsx|2025 CDF Projects Received from WDCs|2026-09-14
47|Chamulimba|Kazemba|Waterborne sanitation System at Kazemba Primary School|Waterborne sanitation system|Water|Water sector|5000|Yes|Yes|No|No|Rufunsa Town Council|Lusaka Province|Rufunsa|Rufunsa|2025|https://www.rufunsacouncil.gov.zm/wp-content/uploads/2025/01/2025-Community-Project-Applications-_-Received.xlsx|2025 CDF Projects Received from WDCs|2026-09-14
48|Chamulimba|Kazemba|Rehabilitation of 1x4 Classroom Block and inclusion of a veranda at Kazemba Primary School|Rehabilitation of 1x4 Ckassroom block and inclusion of a veranda|Education|School|5000|Yes|Yes|No|No|Rufunsa Town Council|Lusaka Province|Rufunsa|Rufunsa|2025|https://www.rufunsacouncil.gov.zm/wp-content/uploads/2025/01/2025-Community-Project-Applications-_-Received.xlsx|2025 CDF Projects Received from WDCs|2026-09-14
49|Chamulimba|Kabulanshinshi|Construction of 2 teachers' houses at Kabulanshinshi Primary School|Construction of 2 teachers' houses|Education|Staff houses|2000|Yes|Yes|No|No|Rufunsa Town Council|Lusaka Province|Rufunsa|Rufunsa|2025|https://www.rufunsacouncil.gov.zm/wp-content/uploads/2025/01/2025-Community-Project-Applications-_-Received.xlsx|2025 CDF Projects Received from WDCs|2026-09-14
50|Chamulimba|Kabulanshinshi|Construction of 1x3 classroom block at Kabulanshinshi Primary School|Construction of 1x3 classroom block|Education|Classroom Block |2000|Yes|Yes|No|No|Rufunsa Town Council|Lusaka Province|Rufunsa|Rufunsa|2025|https://www.rufunsacouncil.gov.zm/wp-content/uploads/2025/01/2025-Community-Project-Applications-_-Received.xlsx|2025 CDF Projects Received from WDCs|2026-09-14
51|Chamulimba|Chamulimba|Construction of a Police post and Police houses in Chamulimba|Construction of Police Post and Police Houses|Police|Police Post/houses|1000|Yes|Yes|No|No|Rufunsa Town Council|Lusaka Province|Rufunsa|Rufunsa|2025|https://www.rufunsacouncil.gov.zm/wp-content/uploads/2025/01/2025-Community-Project-Applications-_-Received.xlsx|2025 CDF Projects Received from WDCs|2026-09-14
52|Chamulimba|Chamulimba|Construction of a maternity wing at Chamulimba|Construction of a maternity Wing|Health |Maternity wing|700|Yes|Yes|No|No|Rufunsa Town Council|Lusaka Province|Rufunsa|Rufunsa|2025|https://www.rufunsacouncil.gov.zm/wp-content/uploads/2025/01/2025-Community-Project-Applications-_-Received.xlsx|2025 CDF Projects Received from WDCs|2026-09-14
53|Chamulimba|Chibengelele|Construction of staff houses at Chibengelele Primary School|Construction of staff houses |Education|Staff Houses|2700|Yes|Yes|No|No|Rufunsa Town Council|Lusaka Province|Rufunsa|Rufunsa|2025|https://www.rufunsacouncil.gov.zm/wp-content/uploads/2025/01/2025-Community-Project-Applications-_-Received.xlsx|2025 CDF Projects Received from WDCs|2026-09-14
54|Chamulimba|Chibengelele|Construction of Ablution block at Chibengelele Market|Construction of Ablution Block|Water|Water and Sanitation|1200|Yes|Yes|No|No|Rufunsa Town Council|Lusaka Province|Rufunsa|Rufunsa|2025|https://www.rufunsacouncil.gov.zm/wp-content/uploads/2025/01/2025-Community-Project-Applications-_-Received.xlsx|2025 CDF Projects Received from WDCs|2026-09-14
55|Chamulimba|Kazemba|Connstruction of patients waiting shelter at Chifundo Rural Health Post|Construction of patients waitng shelter|Health |Patients waiting shelter|3444|Yes|Yes|No|Yes|Rufunsa Town Council|Lusaka Province|Rufunsa|Rufunsa|2025|https://www.rufunsacouncil.gov.zm/wp-content/uploads/2025/01/2025-Community-Project-Applications-_-Received.xlsx|2025 CDF Projects Received from WDCs|2026-09-14
56|Shikabeta|Lubalashi|Construction of 1x2 Classroom Block at Lubalashi|Construction of 1x2 classrooom Block|Education|Classroom Block |400|Yes|Yes|Yes|Yes|Rufunsa Town Council|Lusaka Province|Rufunsa|Rufunsa|2025|https://www.rufunsacouncil.gov.zm/wp-content/uploads/2025/01/2025-Community-Project-Applications-_-Received.xlsx|2025 CDF Projects Received from WDCs|2026-09-14
57|Shikabeta|Nyakantingi|Construction of a semi detached staff house at Nyakantingi|Construction of a semi detached staff house|Education|Staff house|200|Yes|Yes|Yes|Yes|Rufunsa Town Council|Lusaka Province|Rufunsa|Rufunsa|2025|https://www.rufunsacouncil.gov.zm/wp-content/uploads/2025/01/2025-Community-Project-Applications-_-Received.xlsx|2025 CDF Projects Received from WDCs|2026-09-14
58|Shikabeta|Shikabeta|Construction of a boys' dormitory at Shikabeta Combined School|Construction of a boys' dormitory|Education|Dormitory|100|Yes|Yes|Yes|Yes|Rufunsa Town Council|Lusaka Province|Rufunsa|Rufunsa|2025|https://www.rufunsacouncil.gov.zm/wp-content/uploads/2025/01/2025-Community-Project-Applications-_-Received.xlsx|2025 CDF Projects Received from WDCs|2026-09-14
59|Shikabeta|Lunsemfwa|Construction of a Staff House at Kacenjela Community School|Construction of a staff house |Education|Staff House|520|Yes|Yes|Yes|Yes|Rufunsa Town Council|Lusaka Province|Rufunsa|Rufunsa|2025|https://www.rufunsacouncil.gov.zm/wp-content/uploads/2025/01/2025-Community-Project-Applications-_-Received.xlsx|2025 CDF Projects Received from WDCs|2026-09-14
60|Shikabeta|Lunsemfwa|Drilling of a Borehole at Kapanda Community|Drilling of a Borehole|Water|Water sector|Nill|Yes|Yes|Yes|Yes|Rufunsa Town Council|Lusaka Province|Rufunsa|Rufunsa|2025|https://www.rufunsacouncil.gov.zm/wp-content/uploads/2025/01/2025-Community-Project-Applications-_-Received.xlsx|2025 CDF Projects Received from WDCs|2026-09-14
61|Shikabeta|Chomba|Drilling of Borehole at Chomba|Drilling of Borehole|Water|Water sector|70|Yes|Yes|Yes|Yes|Rufunsa Town Council|Lusaka Province|Rufunsa|Rufunsa|2025|https://www.rufunsacouncil.gov.zm/wp-content/uploads/2025/01/2025-Community-Project-Applications-_-Received.xlsx|2025 CDF Projects Received from WDCs|2026-09-14
62|Namanongo|Ndubulula|Construction of staff house and a mother's shelter at Ndubulula Health Post|Construction of a staff house and mother's shelter|Health |Staff House and Mother's Shelter|2500|Yes|Yes|Yes|Yes|Rufunsa Town Council|Lusaka Province|Rufunsa|Rufunsa|2025|https://www.rufunsacouncil.gov.zm/wp-content/uploads/2025/01/2025-Community-Project-Applications-_-Received.xlsx|2025 CDF Projects Received from WDCs|2026-09-14
63|Namanongo|Tengama|Construction of a Mother's shelter at Chipungu Health Post|Construction of a mather's shelter|Health |Mother's shelter|3000|Yes|Yes|Yes|Yes|Rufunsa Town Council|Lusaka Province|Rufunsa|Rufunsa|2025|https://www.rufunsacouncil.gov.zm/wp-content/uploads/2025/01/2025-Community-Project-Applications-_-Received.xlsx|2025 CDF Projects Received from WDCs|2026-09-14
64|Namanongo|Nyamanongo|Construction of 1x3 Classroom Block and 3 Toilets at Katembo Primary School|Construction of 1x3 Classroom block and 3 toilets|Education|Classroom Block and Toilets |1000|Yes|Yes|Yes|Yes|Rufunsa Town Council|Lusaka Province|Rufunsa|Rufunsa|2025|https://www.rufunsacouncil.gov.zm/wp-content/uploads/2025/01/2025-Community-Project-Applications-_-Received.xlsx|2025 CDF Projects Received from WDCs|2026-09-14
65|Namanongo|Ndubulula|Contruction of 1x3 Classroom block at Ndubulula Secondary School|Construction of 1x3 Classroom Block|Education|Classroom Block|600|Yes|Yes|Yes|Yes|Rufunsa Town Council|Lusaka Province|Rufunsa|Rufunsa|2025|https://www.rufunsacouncil.gov.zm/wp-content/uploads/2025/01/2025-Community-Project-Applications-_-Received.xlsx|2025 CDF Projects Received from WDCs|2026-09-14
66|Namanongo|Mulobela|Construction of 1x3 Classroom Block at Mulobela Community School|Construction of 1x3 Classroom Block|Education|Classroom Block|600|Yes|Yes|Yes|Yes|Rufunsa Town Council|Lusaka Province|Rufunsa|Rufunsa|2025|https://www.rufunsacouncil.gov.zm/wp-content/uploads/2025/01/2025-Community-Project-Applications-_-Received.xlsx|2025 CDF Projects Received from WDCs|2026-09-14
67|Namanongo|Mulobela|Drilling of a Borehole and Hand pump installation at Mulobela|Borehole drilling and hand pump installation |Water|Water sector|600|Yes|Yes|Yes|Yes|Rufunsa Town Council|Lusaka Province|Rufunsa|Rufunsa|2025|https://www.rufunsacouncil.gov.zm/wp-content/uploads/2025/01/2025-Community-Project-Applications-_-Received.xlsx|2025 CDF Projects Received from WDCs|2026-09-14
68|Namanongo|Tengama|Construction of ECE Classroom Block and office attached at Tengama Primary|Construction of ECE Classroom block and office|Education|Classroom block and Office|79|Yes|Yes|Yes|Yes|Rufunsa Town Council|Lusaka Province|Rufunsa|Rufunsa|2025|https://www.rufunsacouncil.gov.zm/wp-content/uploads/2025/01/2025-Community-Project-Applications-_-Received.xlsx|2025 CDF Projects Received from WDCs|2026-09-14
69|Mwachilele|Mwachilele|Construction of a Staff House at Mwachilele |Construction of a Staff House|Education|Staff House|3000|Yes|Yes|Yes|No|Rufunsa Town Council|Lusaka Province|Rufunsa|Rufunsa|2025|https://www.rufunsacouncil.gov.zm/wp-content/uploads/2025/01/2025-Community-Project-Applications-_-Received.xlsx|2025 CDF Projects Received from WDCs|2026-09-14
70|Mwachilele|Chipakata|Construction of a Government School at Chipakata|Construction of a government School|Education|School|350|Yes|Yes|Yes|No|Rufunsa Town Council|Lusaka Province|Rufunsa|Rufunsa|2025|https://www.rufunsacouncil.gov.zm/wp-content/uploads/2025/01/2025-Community-Project-Applications-_-Received.xlsx|2025 CDF Projects Received from WDCs|2026-09-14
71|Mwachilele|Mwachilele|Construction of a community dam in Mwachilele |Construction of a Commnuinty Dam|Agriculture|Dam|4200|Yes|Yes|Yes|No|Rufunsa Town Council|Lusaka Province|Rufunsa|Rufunsa|2025|https://www.rufunsacouncil.gov.zm/wp-content/uploads/2025/01/2025-Community-Project-Applications-_-Received.xlsx|2025 CDF Projects Received from WDCs|2026-09-14
72|Mwachilele|Chipakata|Construction of a foot bridge and road in Chipakata|Construction of a foot bridge and road|Road |Foot Bridge and Road|350|Yes|Yes|Yes|No|Rufunsa Town Council|Lusaka Province|Rufunsa|Rufunsa|2025|https://www.rufunsacouncil.gov.zm/wp-content/uploads/2025/01/2025-Community-Project-Applications-_-Received.xlsx|2025 CDF Projects Received from WDCs|2026-09-14
73|Mwachilele|Mwabwindo|Installation of a transformer at Mwabwindo Village|Installation of a Transformer |Energy|Transformer|3000|Yes|Yes|Yes|Yes|Rufunsa Town Council|Lusaka Province|Rufunsa|Rufunsa|2025|https://www.rufunsacouncil.gov.zm/wp-content/uploads/2025/01/2025-Community-Project-Applications-_-Received.xlsx|2025 CDF Projects Received from WDCs|2026-09-14
74|Mwachilele|Mwachilele|Upgrading of the facility to a clinic at mwachilele|upgrading of a facility to a clinic|Health |Upgrade facility to clinic|6000|Yes|Yes|Yes|No|Rufunsa Town Council|Lusaka Province|Rufunsa|Rufunsa|2025|https://www.rufunsacouncil.gov.zm/wp-content/uploads/2025/01/2025-Community-Project-Applications-_-Received.xlsx|2025 CDF Projects Received from WDCs|2026-09-14
75|Mwachilele|Mwabwindo|Construction of a health post at Mwabwindo Village |Construction of a Health post|Health |Health Post |3000|Yes|Yes|Yes|Yes|Rufunsa Town Council|Lusaka Province|Rufunsa|Rufunsa|2025|https://www.rufunsacouncil.gov.zm/wp-content/uploads/2025/01/2025-Community-Project-Applications-_-Received.xlsx|2025 CDF Projects Received from WDCs|2026-09-14
76|Mwachilele|Chipakata|Construction of a clinic and staff house in Chipakata|Construction of a clinic abd staff house|Health |Clinic and Staff House|350|Yes|Yes|Yes|No|Rufunsa Town Council|Lusaka Province|Rufunsa|Rufunsa|2025|https://www.rufunsacouncil.gov.zm/wp-content/uploads/2025/01/2025-Community-Project-Applications-_-Received.xlsx|2025 CDF Projects Received from WDCs|2026-09-14
77|Mwachilele|Mwachilele|Construction of a police post in Mwachilele community|Construction of a Police Post|Police|Police Post|6000|Yes|Yes|Yes|Yes|Rufunsa Town Council|Lusaka Province|Rufunsa|Rufunsa|2025|https://www.rufunsacouncil.gov.zm/wp-content/uploads/2025/01/2025-Community-Project-Applications-_-Received.xlsx|2025 CDF Projects Received from WDCs|2026-09-14
78|Bundabunda|Shachileba|Drilling of Boreholes 10 in Shachileba|Drilling of Borehole|Water|Borehole|500|Yes|Yes|Yes|Yes|Rufunsa Town Council|Lusaka Province|Rufunsa|Rufunsa|2025|https://www.rufunsacouncil.gov.zm/wp-content/uploads/2025/01/2025-Community-Project-Applications-_-Received.xlsx|2025 CDF Projects Received from WDCs|2026-09-14
79|Bundabunda|Chinyunyu|Construction of 1x3 classroom Block at Kalungula Primary School|Construction of 1x3 Classroom Block|Education|Classroom Block|346|Yes|Yes|Yes|Yes|Rufunsa Town Council|Lusaka Province|Rufunsa|Rufunsa|2025|https://www.rufunsacouncil.gov.zm/wp-content/uploads/2025/01/2025-Community-Project-Applications-_-Received.xlsx|2025 CDF Projects Received from WDCs|2026-09-14
80|Bundabunda|Kashimpa|Construction of a 1x3 Classroom Block and semi detached Staff House at Kashimpa Primary  School|Construction of 1x3 Classroom Block and a semi detached staff House|Education|Classroom Block and Staff House|2300|Yes|Yes|Yes|Yes|Rufunsa Town Council|Lusaka Province|Rufunsa|Rufunsa|2025|https://www.rufunsacouncil.gov.zm/wp-content/uploads/2025/01/2025-Community-Project-Applications-_-Received.xlsx|2025 CDF Projects Received from WDCs|2026-09-14
81|Bundabunda|Chinyunyu|Construction of a staff house at Kalungula Primary School|Construction of a staff house|Education|Staff House|345|Yes|Yes|Yes|Yes|Rufunsa Town Council|Lusaka Province|Rufunsa|Rufunsa|2025|https://www.rufunsacouncil.gov.zm/wp-content/uploads/2025/01/2025-Community-Project-Applications-_-Received.xlsx|2025 CDF Projects Received from WDCs|2026-09-14
82|Bundabunda|Chinyunyu|Completion of ECE Classroom Block at Chinyunyu Primary School|Completion of ECE classroom block|Education|Classroom Block|873|Yes|Yes|Yes|Yes|Rufunsa Town Council|Lusaka Province|Rufunsa|Rufunsa|2025|https://www.rufunsacouncil.gov.zm/wp-content/uploads/2025/01/2025-Community-Project-Applications-_-Received.xlsx|2025 CDF Projects Received from WDCs|2026-09-14
83|Bundabunda|Chinyunyu|Construction of 1x3 Classroom Block and 2 semi detached staff flats at Chinyunyu Rocs Primary|Construction of 1x3 Classroom Block and 2 semi detached staff flats |Education|Classroom Block and semi detached flats|Nill|Yes|Yes|Yes|Yes|Rufunsa Town Council|Lusaka Province|Rufunsa|Rufunsa|2025|https://www.rufunsacouncil.gov.zm/wp-content/uploads/2025/01/2025-Community-Project-Applications-_-Received.xlsx|2025 CDF Projects Received from WDCs|2026-09-14
84|Bundabunda|Chinyunyu|Construction of 1x3 Classroom Block at Chinyunyu Primary School|Construction of 1x3 Classroom Block|Education|Classroom Block|1800|Yes|Yes|Yes|Yes|Rufunsa Town Council|Lusaka Province|Rufunsa|Rufunsa|2025|https://www.rufunsacouncil.gov.zm/wp-content/uploads/2025/01/2025-Community-Project-Applications-_-Received.xlsx|2025 CDF Projects Received from WDCs|2026-09-14
85|Bundabunda|Chinyunyu|Construction of 1x3 Classroom Block at Chinyunyu Secondary School|Construction of 1x3 Classroom Block|Education|Classroom Block|1800|Yes|Yes|Yes|Yes|Rufunsa Town Council|Lusaka Province|Rufunsa|Rufunsa|2025|https://www.rufunsacouncil.gov.zm/wp-content/uploads/2025/01/2025-Community-Project-Applications-_-Received.xlsx|2025 CDF Projects Received from WDCs|2026-09-14
86|Bundabunda|Chinyunyu|Construction of 1x3 Classroom Block at Mambilima Primary School|Construction of 1x3 Classroom Block|Education|Classroom Block|720|Yes|Yes|Yes|Yes|Rufunsa Town Council|Lusaka Province|Rufunsa|Rufunsa|2025|https://www.rufunsacouncil.gov.zm/wp-content/uploads/2025/01/2025-Community-Project-Applications-_-Received.xlsx|2025 CDF Projects Received from WDCs|2026-09-14
87|Bundabunda|Chinyunyu|Construction of 1x3 Classroom Block and Staff houses at Lusungu Primary School|Construction of 1x3 Classroom Block and Staff Houses|Education|Classroom Block and Staff House|500|Yes|Yes|Yes|Yes|Rufunsa Town Council|Lusaka Province|Rufunsa|Rufunsa|2025|https://www.rufunsacouncil.gov.zm/wp-content/uploads/2025/01/2025-Community-Project-Applications-_-Received.xlsx|2025 CDF Projects Received from WDCs|2026-09-14
88|Bundabunda|Chitemalesa|Constuction of 1x3 Classroom Block, Staff house and completion of ECE classroom Block at Chitemalesa Primary and Secondary School|Constuction of 1x3 Classroom Block, Staff house and completion of ECE classroom Block|Education|Classroom blocks and staff House|2500|Yes|Yes|Yes|Yes|Rufunsa Town Council|Lusaka Province|Rufunsa|Rufunsa|2025|https://www.rufunsacouncil.gov.zm/wp-content/uploads/2025/01/2025-Community-Project-Applications-_-Received.xlsx|2025 CDF Projects Received from WDCs|2026-09-14
89|Bundabunda|Chitemalesa|Construction of maternity wing and a semi detached staff house at Chitemalesa Health Post|Construction of maternity wing and a semi detached staff house|Health |Maternity Wing and staff house|3950|Yes|Yes|Yes|Yes|Rufunsa Town Council|Lusaka Province|Rufunsa|Rufunsa|2025|https://www.rufunsacouncil.gov.zm/wp-content/uploads/2025/01/2025-Community-Project-Applications-_-Received.xlsx|2025 CDF Projects Received from WDCs|2026-09-14
90|Bundabunda|Chitemalesa|Constuction of 1x3 Classroom Block and semi detached Staff house at Eliot Community School|Constuction of 1x3 Classroom Block and semi detached Staff house|Education|Classroom Block and Staff House|1700|Yes|Yes|Yes|Yes|Rufunsa Town Council|Lusaka Province|Rufunsa|Rufunsa|2025|https://www.rufunsacouncil.gov.zm/wp-content/uploads/2025/01/2025-Community-Project-Applications-_-Received.xlsx|2025 CDF Projects Received from WDCs|2026-09-14
91|Bundabunda|Nkalamabwe|Competion of 1x2 Classroom block, Drilling of a borehole and construction of Staff toilets at Nkalamabwe Primary School|Competion of 1x2 Classroom block, Drilling of a borehole and construction of Staff toilets|Education/Water|Water Sector and Classroom Block/Toilets|730|Yes|Yes|Yes|Yes|Rufunsa Town Council|Lusaka Province|Rufunsa|Rufunsa|2025|https://www.rufunsacouncil.gov.zm/wp-content/uploads/2025/01/2025-Community-Project-Applications-_-Received.xlsx|2025 CDF Projects Received from WDCs|2026-09-14
92|Bundabunda|Shachileba|Drilling of 21 Boreholes in Shachileba and Chitemalesa|Drilling of 21 Boreholes|Water|Water Sector|4200|Yes|Yes|Yes|Yes|Rufunsa Town Council|Lusaka Province|Rufunsa|Rufunsa|2025|https://www.rufunsacouncil.gov.zm/wp-content/uploads/2025/01/2025-Community-Project-Applications-_-Received.xlsx|2025 CDF Projects Received from WDCs|2026-09-14
93|Chitimbwi |Mpanshya|Construction of a rural health post and a semi detached staff house in Kamwesha Community School|Construction of a rural health post and a semi detached staff house in Kamwesha Community School|Health |Staff House|1000|Yes|Yes|Yes|Yes|Rufunsa Town Council|Lusaka Province|Rufunsa|Rufunsa|2025|https://www.rufunsacouncil.gov.zm/wp-content/uploads/2025/01/2025-Community-Project-Applications-_-Received.xlsx|2025 CDF Projects Received from WDCs|2026-09-14
93|Chintimbwi|Mpanshya|Construction of 1x2 Classroom Block at St. Lukes Nursing School|Construction of 1x2 classrooom Block|Education |Classroom Block|8500|Yes|Yes|Yes|Yes|Rufunsa Town Council|Lusaka Province|Rufunsa|Rufunsa|2025|https://www.rufunsacouncil.gov.zm/wp-content/uploads/2025/01/2025-Community-Project-Applications-_-Received.xlsx|2025 CDF Projects Received from WDCs|2026-09-14
94|Chintimbwi|Mpanshya|Construction of a water borne sanitation system at Mpanshya Secondary School|Construction of a water borne sanitation system|Water|Water Sector|1000|Yes|Yes|Yes|Yes|Rufunsa Town Council|Lusaka Province|Rufunsa|Rufunsa|2025|https://www.rufunsacouncil.gov.zm/wp-content/uploads/2025/01/2025-Community-Project-Applications-_-Received.xlsx|2025 CDF Projects Received from WDCs|2026-09-14
